-- Device types --
INSERT INTO DEVICE_TYPE VALUES('c3b18fbb-eeb2-4121-96f2-f076e7c8bb00', 4.0, 'Mac');
INSERT INTO DEVICE_TYPE VALUES('4bb72b22-a818-11ed-afa1-0242ac120002', 4.0, 'Windows');

-- Devices --
INSERT INTO DEVICE VALUES('7e506008-a818-11ed-afa1-0242ac120002', 'Macbook air 1', 7.0, 'c3b18fbb-eeb2-4121-96f2-f076e7c8bb00');
INSERT INTO DEVICE VALUES('adb4ca00-a818-11ed-afa1-0242ac120002', 'Macbook air 2', 11.0, 'c3b18fbb-eeb2-4121-96f2-f076e7c8bb00');
INSERT INTO DEVICE VALUES('b4286d42-a818-11ed-afa1-0242ac120002', 'Macbook air 3', 11.0, 'c3b18fbb-eeb2-4121-96f2-f076e7c8bb00');
INSERT INTO DEVICE VALUES('b9d5dd1a-a818-11ed-afa1-0242ac120002', 'Lenovo Laptop 1', 9.0, '4bb72b22-a818-11ed-afa1-0242ac120002');
INSERT INTO DEVICE VALUES('bec6a2c8-a818-11ed-afa1-0242ac120002', 'Lenovo Laptop 2', 6.0, '4bb72b22-a818-11ed-afa1-0242ac120002');

-- Services --
INSERT INTO SERVICE VALUES('e79ae5d3-e57f-4deb-983a-45f78288dee0', 7.0, 'Mac Antivirus');
INSERT INTO SERVICE VALUES('2d73b72e-a819-11ed-afa1-0242ac120002', 5.0, 'Windows Antivirus');
INSERT INTO SERVICE VALUES('388d3df6-a819-11ed-afa1-0242ac120002', 3.0, 'Backup');
INSERT INTO SERVICE VALUES('3e24e2f0-a819-11ed-afa1-0242ac120002', 1.0, 'Screen Share');

-- Accepted Device Types --
INSERT INTO SERVICE_ACCEPTED_DEVICES VALUES('e79ae5d3-e57f-4deb-983a-45f78288dee0','c3b18fbb-eeb2-4121-96f2-f076e7c8bb00');
INSERT INTO SERVICE_ACCEPTED_DEVICES VALUES('2d73b72e-a819-11ed-afa1-0242ac120002','4bb72b22-a818-11ed-afa1-0242ac120002');
INSERT INTO SERVICE_ACCEPTED_DEVICES VALUES('388d3df6-a819-11ed-afa1-0242ac120002','c3b18fbb-eeb2-4121-96f2-f076e7c8bb00');
INSERT INTO SERVICE_ACCEPTED_DEVICES VALUES('388d3df6-a819-11ed-afa1-0242ac120002','4bb72b22-a818-11ed-afa1-0242ac120002');
INSERT INTO SERVICE_ACCEPTED_DEVICES VALUES('3e24e2f0-a819-11ed-afa1-0242ac120002','c3b18fbb-eeb2-4121-96f2-f076e7c8bb00');
INSERT INTO SERVICE_ACCEPTED_DEVICES VALUES('3e24e2f0-a819-11ed-afa1-0242ac120002','4bb72b22-a818-11ed-afa1-0242ac120002');

-- Service Assigned --
-- Windows Devices --
INSERT INTO DEVICE_SERVICE_LIST VALUES('b9d5dd1a-a818-11ed-afa1-0242ac120002','2d73b72e-a819-11ed-afa1-0242ac120002');
INSERT INTO DEVICE_SERVICE_LIST VALUES('bec6a2c8-a818-11ed-afa1-0242ac120002','2d73b72e-a819-11ed-afa1-0242ac120002');
INSERT INTO DEVICE_SERVICE_LIST VALUES('b9d5dd1a-a818-11ed-afa1-0242ac120002','388d3df6-a819-11ed-afa1-0242ac120002');
INSERT INTO DEVICE_SERVICE_LIST VALUES('b9d5dd1a-a818-11ed-afa1-0242ac120002','3e24e2f0-a819-11ed-afa1-0242ac120002');
INSERT INTO DEVICE_SERVICE_LIST VALUES('bec6a2c8-a818-11ed-afa1-0242ac120002','3e24e2f0-a819-11ed-afa1-0242ac120002');
-- Mac Devices --
INSERT INTO DEVICE_SERVICE_LIST VALUES('7e506008-a818-11ed-afa1-0242ac120002','e79ae5d3-e57f-4deb-983a-45f78288dee0');
INSERT INTO DEVICE_SERVICE_LIST VALUES('adb4ca00-a818-11ed-afa1-0242ac120002','e79ae5d3-e57f-4deb-983a-45f78288dee0');
INSERT INTO DEVICE_SERVICE_LIST VALUES('b4286d42-a818-11ed-afa1-0242ac120002','e79ae5d3-e57f-4deb-983a-45f78288dee0');
INSERT INTO DEVICE_SERVICE_LIST VALUES('adb4ca00-a818-11ed-afa1-0242ac120002','388d3df6-a819-11ed-afa1-0242ac120002');
INSERT INTO DEVICE_SERVICE_LIST VALUES('b4286d42-a818-11ed-afa1-0242ac120002','388d3df6-a819-11ed-afa1-0242ac120002');
INSERT INTO DEVICE_SERVICE_LIST VALUES('adb4ca00-a818-11ed-afa1-0242ac120002','3e24e2f0-a819-11ed-afa1-0242ac120002');
INSERT INTO DEVICE_SERVICE_LIST VALUES('b4286d42-a818-11ed-afa1-0242ac120002','3e24e2f0-a819-11ed-afa1-0242ac120002');